{"cameraMode":{"drawMode":0,"name":"Shaded","section":"Shading Mode"},"sceneLighting":false,"audioPlay":false,"sceneViewState":{"m_AlwaysRefresh":false,"showFog":true,"showSkybox":false,"showFlares":true,"showImageEffects":true,"showParticleSystems":true,"showVisualEffectGraphs":true,"m_FxEnabled":true},"in2DMode":false,"pivot":{"x":-8.37275218963623,"y":16.529212951660158,"z":-24.28666877746582},"rotation":{"x":0.5942352414131165,"y":-0.006050601601600647,"z":0.004438566043972969,"w":0.8042991757392883},"size":18.519447326660158,"orthographic":false}